card_id,card_url,img_url,name,price,currency_unit,state
832612636,https://www.olx.pl/d/oferta/zegarek-seiko-presage-srpd99j1-38mm-japanese-garden-CID87-IDUlyA4.html,https://ireland.apollo.olxcdn.com:443/v1/files/fjpnq2r5smam3-PL/image;s=200x0;q=50,Zegarek Seiko Presage SRPD99J1 38mm Japanese Garden,1200.0,zł,Używane
853054710,https://www.olx.pl/d/oferta/zestaw-komputerowy-dell-optiplex-3020-monitor-dell-p2210f-22-CID99-IDWJkuV.html,https://ireland.apollo.olxcdn.com:443/v1/files/r00gv9h4y4ah-PL/image;s=200x0;q=50,"Zestaw komputerowy DELL Optiplex 3020 + Monitor DELL P2210f 22""",600.0,zł,Używane
782312493,https://www.otodom.pl/pl/oferta/promocja-mosciska-dzialka-2420m2-za-70000zl-ID4itvJ.html,https://ireland.apollo.olxcdn.com:443/v1/files/9oh29g83p9a11-PL/image;s=200x0;q=50,Promocja!!! Mościska Działka 2420m2 za 70000zł,70000.0,zł,
853244359,https://www.olx.pl/d/oferta/2-glosniki-kolumny-eltax-discovery-CID99-IDWK7PN.html,https://ireland.apollo.olxcdn.com:443/v1/files/bl6r3ljvcjey2-PL/image;s=200x0;q=50,2 głośniki / kolumny ELTAX DISCOVERY,150.0,zł,Używane
853244327,https://www.olx.pl/d/oferta/buty-snakersy-adidasy-swiecace-r-35-CID88-IDWK7Ph.html,https://ireland.apollo.olxcdn.com:443/v1/files/j6xpc8wdfsbn1-PL/image;s=200x0;q=50,Buty snakersy adidasy świecące r.35,18.0,zł,Używane
302548650,https://www.olx.pl/d/oferta/akumulator-batermott-145ah-980a-dla-rolnictwa-najnizsza-cena-CID757-IDktsIV.html,https://ireland.apollo.olxcdn.com:443/v1/files/4kkc85g05sib3-PL/image;s=200x0;q=50,Akumulator BATERMOTT 145Ah 980A dla rolnictwa!!! Najniższa cena!!!,550.0,zł,
844012746,https://www.olx.pl/d/oferta/serwis-obiadowy-na-4-8-12-osob-komplet-talerze-do-zmywarki-zastawa-CID628-IDW7ogO.html,https://ireland.apollo.olxcdn.com:443/v1/files/8vd6ac7zq058-PL/image;s=200x0;q=50,Serwis obiadowy na 4/8/12 osób Komplet Talerze do Zmywarki Zastawa,399.0,zł,Nowe
525653738,https://www.olx.pl/d/oferta/firmowy-sklad-wegla-wegiel-orzech-CID628-IDzzAy6.html,https://ireland.apollo.olxcdn.com:443/v1/files/iw98r94bz7xh1-PL/image;s=200x0;q=50,Firmowy Skład Węgla  Węgiel Orzech,1850.0,zł,
774227254,https://www.olx.pl/d/oferta/charms-srebrny-ze-szklem-murano-CID87-IDQozSm.html,https://ireland.apollo.olxcdn.com:443/v1/files/hupdzrp7y9y03-PL/image;s=200x0;q=50,Charms srebrny ze szkłem Murano,50.0,zł,Nowe
753955707,https://www.olx.pl/d/oferta/ladowarka-do-grzalek-do-butow-narciarskich-lenz-CID4042-IDP1vjW.html,https://ireland.apollo.olxcdn.com:443/v1/files/butrfzq21ber1-PL/image;s=200x0;q=50,Ładowarka do grzałek do butów narciarskich Lenz,50.0,zł,Używane
572511730,https://www.olx.pl/d/oferta/rusztowania-elewacyjne-bloki-atest-500-m2-plettac-leasing-CID4269-IDCKcsa.html,https://ireland.apollo.olxcdn.com:443/v1/files/kgnx2hjl64no3-PL/image;s=200x0;q=50,"Rusztowania ELEWACYJNE, bloki, ATEST - 500 m2 Plettac, leasing",52300.0,zł,Nowe
842388802,https://www.olx.pl/d/oferta/stal-poprodukcyjna-2-zl-kg-polowa-ceny-CID628-IDW0zOa.html,https://ireland.apollo.olxcdn.com:443/v1/files/5pfyqtph3zc5-PL/image;s=200x0;q=50,Stal poprodukcyjna 2 zł/kg ( Połowa Ceny ),2.0,zł,Używane
806396729,https://www.olx.pl/d/oferta/pellet-barlinek-din-plus-en-plus-a1-gwarancja-najnizszej-ceny-CID628-IDSzyCR.html,https://ireland.apollo.olxcdn.com:443/v1/files/q47qkdjf2bf-PL/image;s=200x0;q=50,Pellet Barlinek Din Plus EN Plus A1 GWARANCJA NAJNIŻSZEJ CENY !,1999.0,zł,
851678351,https://www.olx.pl/d/oferta/tipi-dla-dziewczynki-3-CID88-IDWDyrB.html,https://ireland.apollo.olxcdn.com:443/v1/files/96i29sh324qb3-PL/image;s=200x0;q=50,Tipi dla dziewczynki 3+,20.0,zł,Używane
853244124,https://www.olx.pl/d/oferta/monitor-led-samsung-odyssey-g3-24-1920-x-1080-px-va-gwarancja-CID99-IDWK7M0.html,https://ireland.apollo.olxcdn.com:443/v1/files/cqpm7q8r6dj-PL/image;s=200x0;q=50,"Monitor LED Samsung Odyssey G3 24 "" 1920 x 1080 px VA GWARANCJA",499.0,zł,Używane
830113733,https://www.olx.pl/d/oferta/zwirek-drewniany-pellet-25kg-dla-kotow-gryzoni-gadow-ptakow-sciolka-CID103-IDUb4wb.html,https://ireland.apollo.olxcdn.com:443/v1/files/wtsl62wc64ib2-PL/image;s=200x0;q=50,"Żwirek drewniany Pellet 25kg.Dla kotów gryzoni , gadów ptaków, Ściółka",48.0,zł,Nowe
667354912,https://www.olx.pl/d/oferta/wynajem-osuszaczy-powietrza-wypozyczalnia-osuszanie-mieszkan-ozonator-CID3018-IDJa9uU.html,https://ireland.apollo.olxcdn.com:443/v1/files/3biioyqiynia2-PL/image;s=200x0;q=50,Wynajem osuszaczy powietrza Wypożyczalnia osuszanie mieszkań ozonator,20.0,zł,
845834934,https://www.olx.pl/d/oferta/kramer-allrad-212-lt-312-sl-ladowarka-koparka-CID5-IDWf2iV.html,https://ireland.apollo.olxcdn.com:443/v1/files/ufk7qer4jogy-PL/image;s=200x0;q=50,Kramer Allrad 212 LT 312 SL ładowarka Koparka,21500.0,zł,
853243906,https://www.olx.pl/d/oferta/xiaomi-redmi-note-10-stan-bdb-100-sprawny-org-opakowanie-i-ladowarka-CID99-IDWK7Iu.html,https://ireland.apollo.olxcdn.com:443/v1/files/md05ij8mkwsq2-PL/image;s=200x0;q=50,Xiaomi redmi note 10 stan bdb 100% sprawny org opakowanie i ladowarka,299.0,zł,Używane
846435599,https://www.olx.pl/d/oferta/klapki-chlopiece-japonki-30-31-lub-32-33-lub-34-35-CID88-IDWhyz5.html,https://ireland.apollo.olxcdn.com:443/v1/files/60f7vr3wnsjw2-PL/image;s=200x0;q=50,klapki chłopięce japonki 30/31 lub 32/33 lub 34/35,10.0,zł,Nowe
848905021,https://www.olx.pl/d/oferta/procaliber-9-7-l-CID767-IDWrUYt.html,https://ireland.apollo.olxcdn.com:443/v1/files/lgrovecg2j7f1-PL/image;s=200x0;q=50,Procaliber 9.7 (L),7990.0,zł,Używane
702013949,https://www.olx.pl/d/oferta/magazyn-samoobslugowy-self-storage-wynajem-9m-CID3-IDLwzTD.html,https://ireland.apollo.olxcdn.com:443/v1/files/o6kioptxxohi2-PL/image;s=200x0;q=50,Magazyn samoobsługowy self-storage wynajem 9m²,389.0,zł,
690161929,https://www.olx.pl/d/oferta/ecre-kremowa-biel-koszula-bluzka-szyfon-oversize-roz-m-38-vero-moda-CID87-IDKHQE1.html,https://ireland.apollo.olxcdn.com:443/v1/files/7884z1f3udu6-PL/image;s=200x0;q=50,Ecre kremowa biel koszula bluzka szyfon oversize roz. M/38 Vero Moda,29.0,zł,Używane
847354407,https://www.olx.pl/d/oferta/neil-gaiman-nigdziebadz-CID751-IDWlpAz.html,https://ireland.apollo.olxcdn.com:443/v1/files/3968r5jkwoul-PL/image;s=200x0;q=50,Neil Gaiman Nigdziebądź,50.0,zł,Używane
805670316,https://www.olx.pl/d/oferta/duzy-zestaw-zabawki-interaktywne-ikea-ksiazeczka-grzechotkii-maskotki-CID88-IDSvwEv.html,https://ireland.apollo.olxcdn.com:443/v1/files/6m7n2m76as0c1-PL/image;s=200x0;q=50,"!Duży zestaw!Zabawki interaktywne,IKEA książeczka,grzechotkii,maskotki",40.0,zł,Używane
850255886,https://www.olx.pl/d/oferta/gardena-robot-koszacy-sileno-minimo-500-m2-bluetooth-nowy-nie-uzywany-CID628-IDWxAoC.html,https://ireland.apollo.olxcdn.com:443/v1/files/nxjbvsy76dvq3-PL/image;s=200x0;q=50,Gardena Robot koszący SILENO minimo 500 M2 Bluetooth nowy nie używany,2400.0,zł,Nowe
728917832,https://www.olx.pl/d/oferta/drewno-kominkowe-lupane-opalowe-jablon-jablonka-owocowe-drzewo-transpo-CID628-IDNksPe.html,https://ireland.apollo.olxcdn.com:443/v1/files/6mfkig3qzvj2-PL/image;s=200x0;q=50,Drewno Kominkowe Łupane opałowe jabłoń jabłonka owocowe drzewo transpo,400.0,zł,
848081626,https://www.olx.pl/d/oferta/sneakersy-rozmiar-37-CID87-IDWosLU.html,https://ireland.apollo.olxcdn.com:443/v1/files/ce3gto4wkz4n-PL/image;s=200x0;q=50,Sneakersy rozmiar 37,50.0,zł,Nowe
838384759,https://www.olx.pl/d/oferta/renault-premium-450-CID5-IDUJMaP.html,https://ireland.apollo.olxcdn.com:443/v1/files/tvxsnko7i5pw1-PL/image;s=200x0;q=50,Renault Premium 450,50000.0,zł,
852426105,https://www.olx.pl/d/oferta/uzywana-szafa-miro-12-250cm-dab-canyon-CID628-IDWGGY9.html,https://ireland.apollo.olxcdn.com:443/v1/files/n22xnhyh06vi2-PL/image;s=200x0;q=50,Używana szafa Miro 12 250cm dąb canyon,1199.0,zł,Używane
821854255,https://www.olx.pl/d/oferta/podnosnik-towarowy-alp-lift-l620-dofinansowanie-80-CID4269-IDTCpPN.html,https://ireland.apollo.olxcdn.com:443/v1/files/jl6ub4v89gjh3-PL/image;s=200x0;q=50,Podnośnik towarowy ALP LIFT L620! Dofinansowanie 80%,20910.0,zł,
779905938,https://www.olx.pl/d/oferta/tynkowanie-recznie-maszynowo-male-powierzchnie-i-duze-CID4371-IDQMpa2.html,https://ireland.apollo.olxcdn.com:443/v1/files/w2rimoai5fu9-PL/image;s=200x0;q=50,"Tynkowanie ręcznie, maszynowo, małe powierzchnie i duże",,zł,
852308109,https://www.olx.pl/d/oferta/jalowki-wysokocielne-CID757-IDWGcgZ.html,https://ireland.apollo.olxcdn.com:443/v1/files/rz8fa1w1nc5i3-PL/image;s=200x0;q=50,Jałówki Wysokocielne,6500.0,zł,
841171813,https://www.olx.pl/d/oferta/4f-chlopieca-koszulka-t-shirt-bawelna-158-CID88-IDUWtdj.html,https://ireland.apollo.olxcdn.com:443/v1/files/57zwsx1yva7b3-PL/image;s=200x0;q=50,4f Chłopięca Koszulka T-shirt Bawełna / 158,39.99,zł,Nowe
843339185,https://www.olx.pl/d/oferta/sprezarka-srubowa-spalinowa-kompresor-atlas-copco-rejestracja-CID628-IDW4z2W.html,https://ireland.apollo.olxcdn.com:443/v1/files/puqd6swyz72o1-PL/image;s=200x0;q=50,Sprężarka śrubowa spalinowa kompresor Atlas Copco Rejestracja,12900.0,zł,Używane
851085266,https://www.olx.pl/d/oferta/felgi-17-4x108-plus-opony-gratis-CID5-IDWB49I.html,https://ireland.apollo.olxcdn.com:443/v1/files/k4gbemedma5r-PL/image;s=200x0;q=50,Felgi 17” 4x108 plus opony gratis,1200.0,zł,Używane
845372175,https://www.olx.pl/d/oferta/wacker-neuson-dpu-6555-z-2022r-zageszczarka-ubijarka-plyta-CID4269-IDWd5W5.html,https://ireland.apollo.olxcdn.com:443/v1/files/2u3qhygwinkp2-PL/image;s=200x0;q=50,Wacker Neuson DPU 6555 z 2022r!! Zagęszczarka ubijarka płyta,29500.0,zł,Używane
852740693,https://www.olx.pl/d/oferta/alufelgi-17-cali-volvo-oryginalne-opony-letnie-CID5-IDWI0O9.html,https://ireland.apollo.olxcdn.com:443/v1/files/bu8y93c5szsj2-PL/image;s=200x0;q=50,Alufelgi 17 cali  Volvo oryginalne + opony letnie,800.0,zł,Używane
838811554,https://www.olx.pl/d/oferta/suzuzki-gs-450-cafe-racer-CID5-IDULzcC.html,https://ireland.apollo.olxcdn.com:443/v1/files/l329x63v0pxi3-PL/image;s=200x0;q=50,SUZUZKI GS 450 Cafe Racer,8900.0,zł,
773410740,https://www.olx.pl/d/oferta/spodnie-spodenki-koszulki-gratis-reserved-c-a-5-10-15-peppers-146-152-CID88-IDQl9sM.html,https://ireland.apollo.olxcdn.com:443/v1/files/fbzwlr9d3vmm-PL/image;s=200x0;q=50,Spodnie spodenki koszulki+gratis Reserved c&a 5-10-15 Peppers 146-152,25.0,zł,Używane
760061585,https://www.olx.pl/d/oferta/okna-kacprzak-okno-pcv-132x138-uzywane-plastikowe-169-szt-CID628-IDPr8JP.html,https://ireland.apollo.olxcdn.com:443/v1/files/5pd7xed9goav2-PL/image;s=200x0;q=50,OKNA KacprzaK OKNO PCV 132X138 Używane Plastikowe - 169 szt,380.0,zł,Używane
844783763,https://www.olx.pl/d/oferta/linia-peleciarka-zestaw-CID628-IDWaCQz.html,https://ireland.apollo.olxcdn.com:443/v1/files/eukm3jso5zr62-PL/image;s=200x0;q=50,Linia peleciarka zestaw,39000.0,zł,Używane
841807273,https://www.olx.pl/d/oferta/podstawa-nogi-maszyny-do-szycia-alfa-z-blatem-lub-bez-CID628-IDUY8vF.html,https://ireland.apollo.olxcdn.com:443/v1/files/1p76v56gqa75-PL/image;s=200x0;q=50,"Podstawa, nogi maszyny do szycia ALFA z blatem lub bez",290.0,zł,Używane
837917523,https://www.olx.pl/d/oferta/oryginalne-obrazy-CID4042-IDUHOCL.html,https://ireland.apollo.olxcdn.com:443/v1/files/s3133rw4gciv-PL/image;s=200x0;q=50,oryginalne obrazy,200.0,zł,
618848726,https://www.olx.pl/d/oferta/oponaradialna-alliance-320-85r28-340-85r28-380-85r28-420-85r28-wysylka-CID757-IDFSCP4.html,https://ireland.apollo.olxcdn.com:443/v1/files/222avbnhnoj63-PL/image;s=200x0;q=50,OponaRADIALNA ALLIANCE 320/85R28 340/85R28 380/85R28 420/85R28 Wysyłka,1550.0,zł,
853243952,https://www.olx.pl/d/oferta/musical-fidelity-electra-e10-CID99-IDWK7Je.html,https://ireland.apollo.olxcdn.com:443/v1/files/hrec93aqb33e1-PL/image;s=200x0;q=50,Musical fidelity electra e10,1300.0,zł,Używane
853243877,https://www.olx.pl/d/oferta/lodowka-indesit-a-class-CID99-IDWK7I1.html,https://ireland.apollo.olxcdn.com:443/v1/files/3onqghshc7fh-PL/image;s=200x0;q=50,Lodówka Indesit A class,200.0,zł,Używane
852745182,https://www.olx.pl/d/oferta/meble-dzieciece-mlodziezowe-CID88-IDWI1Yy.html,https://ireland.apollo.olxcdn.com:443/v1/files/g4vc1tkyxeqf3-PL/image;s=200x0;q=50,Meble dziecięce/młodzieżowe,1200.0,zł,Używane
779976105,https://www.olx.pl/d/oferta/scania-r520-euro-5-2014-rok-CID5-IDQMHpL.html,https://ireland.apollo.olxcdn.com:443/v1/files/xazxusj5jd03-PL/image;s=200x0;q=50,scania r520 euro 5 2014 rok,119000.0,zł,
829635629,https://www.olx.pl/d/oferta/baseus-kabel-usb-c-type-c-power-delivery-60w-qc-1m-CID99-IDU947P.html,https://ireland.apollo.olxcdn.com:443/v1/files/tjjhzps5s6bb-PL/image;s=200x0;q=50,Baseus Kabel Usb-C Type-C Power Delivery 60W Qc 1M,27.95,zł,Nowe
820282561,https://www.olx.pl/d/oferta/40-sukienka-mayoral-3910-r-134-CID88-IDTwOXT.html,https://ireland.apollo.olxcdn.com:443/v1/files/nwq1mrgukyin-PL/image;s=200x0;q=50,-40% Sukienka Mayoral 3910 r.134,169.99,zł,Nowe
851514292,https://www.olx.pl/d/oferta/ekogroszek-bobrek-skarbek-29mj-kg-w-ofercie-orzech-mial-pellet-CID628-IDWCRLu.html,https://ireland.apollo.olxcdn.com:443/v1/files/hcyzseb0aapr3-PL/image;s=200x0;q=50,"Ekogroszek BOBREK SKARBEK 29Mj/kg, w ofercie Orzech, Miał, Pellet",2190.0,zł,
788562279,https://www.olx.pl/d/oferta/podpisany-unikat-serwis-weimar-katharina-vs-misnia-1948-CID4042-IDRmJ4r.html,https://ireland.apollo.olxcdn.com:443/v1/files/gdt5lfmkquv33-PL/image;s=200x0;q=50,"**podpisany UNIKAT serwis WEIMAR Katharina vs, MIŚNIA 1948+",650.0,zł,
698418283,https://www.olx.pl/d/oferta/lawka-pufa-pod-wymiar-CID628-IDLguw1.html,https://ireland.apollo.olxcdn.com:443/v1/files/w93ktizaqzss1-PL/image;s=200x0;q=50,Ławka Pufa pod wymiar,200.0,zł,Nowe
834049367,https://www.olx.pl/d/oferta/ekspres-do-kawy-electrolux-favola-plus-CID99-IDUrAl9.html,https://ireland.apollo.olxcdn.com:443/v1/files/3jrhafb69htl3-PL/image;s=200x0;q=50,Ekspres do kawy Electrolux Favola Plus,90.0,zł,Używane
834049361,https://www.olx.pl/d/oferta/dior-dwa-duze-solidne-pudelka-CID4042-IDUrAl3.html,https://ireland.apollo.olxcdn.com:443/v1/files/o0x51cgov529-PL/image;s=200x0;q=50,DIOR dwa duże solidne pudełka,50.0,zł,Używane
852710620,https://www.olx.pl/d/oferta/perfumy-mihi-la-vie-est-belle-50-ml-30-rabatu-za-2-szt-CID3647-IDWHSZ6.html,https://ireland.apollo.olxcdn.com:443/v1/files/3rfvopae4t5j2-PL/image;s=200x0;q=50,Perfumy Mihi La vie est belle 50 ml-30%rabatu za 2 szt,92.5,zł,Nowe
846518480,https://www.olx.pl/d/oferta/karbonowy-rower-gorski-trek-fuel-ex-9-7-gen-5-2022-CID767-IDWhU7S.html,https://ireland.apollo.olxcdn.com:443/v1/files/sdev3wr255v5-PL/image;s=200x0;q=50,Karbonowy rower górski Trek Fuel EX 9.7 Gen 5 2022,16999.0,zł,Używane
852562495,https://www.olx.pl/d/oferta/podest-blat-drewniany-lite-drewno-oszlifowany-dowoz-poznan-gratis-CID628-IDWHgrZ.html,https://ireland.apollo.olxcdn.com:443/v1/files/m27ygy8pzzvt1-PL/image;s=200x0;q=50,Podest blat drewniany. Lite drewno. Oszlifowany. Dowóz Poznań gratis.,249.0,zł,Nowe
847427877,https://www.olx.pl/d/oferta/szklo-prl-duza-patera-na-ciasto-dwukolorowa-CID4042-IDWlIHz.html,https://ireland.apollo.olxcdn.com:443/v1/files/x9p210cqc3t72-PL/image;s=200x0;q=50,Szkło PRL duża patera na ciasto dwukolorowa,50.0,zł,Używane
841153897,https://www.olx.pl/d/oferta/under-armour-meski-dres-bawelna-bluza-spodnie-xl-CID87-IDUWoyl.html,https://ireland.apollo.olxcdn.com:443/v1/files/1vlip8z1co051-PL/image;s=200x0;q=50,Under Armour Męski Dres Bawełna Bluza Spodnie / Xl,379.0,zł,Nowe
835884362,https://www.olx.pl/d/oferta/drzwi-wewnetrzne-skrzydla-erkado-rewersyjne-CID628-IDUzhHQ.html,https://ireland.apollo.olxcdn.com:443/v1/files/t9dbvja9xxj22-PL/image;s=200x0;q=50,"Drzwi  wewnętrzne skrzydła Erkado, rewersyjne.",60.0,zł,Używane
841904256,https://www.olx.pl/d/oferta/jamnik-miniaturowy-krotkowlosy-piesek-zkwp-fci-CID103-IDUYxKU.html,https://ireland.apollo.olxcdn.com:443/v1/files/0w1ty2t15xlx2-PL/image;s=200x0;q=50,Jamnik miniaturowy krótkowłosy piesek ZKwP/FCI,5000.0,zł,
852048749,https://www.olx.pl/d/oferta/bokserki-meskie-r-xxl-2-sztuki-CID87-IDWF6NL.html,https://ireland.apollo.olxcdn.com:443/v1/files/dxgkbcxl85c52-PL/image;s=200x0;q=50,Bokserki męskie r. XXL (2 sztuki),20.0,zł,Nowe
821730490,https://www.olx.pl/d/oferta/hueningkai-txt-thursdays-child-weverse-pob-CID751-IDTBTDA.html,https://ireland.apollo.olxcdn.com:443/v1/files/9ualflpbr3uc-PL/image;s=200x0;q=50,Hueningkai TXT Thursdays Child Weverse pob,30.0,zł,Używane
853243860,https://www.olx.pl/d/oferta/sukienka-xs-s-bawelna-CID87-IDWK7HK.html,https://ireland.apollo.olxcdn.com:443/v1/files/xcpmxiekvpy7-PL/image;s=200x0;q=50,Sukienka XS/S bawełna,16.0,zł,Używane
571925616,https://www.olx.pl/d/oferta/sala-szkoleniowo-konferencyjna-warszawa-wilanow-CID3-IDCHJYI.html,https://ireland.apollo.olxcdn.com:443/v1/files/lqzjgv3rt73v3-PL/image;s=200x0;q=50,sala szkoleniowo - konferencyjna Warszawa Wilanów,65.0,zł,
847345305,https://www.olx.pl/d/oferta/borowka-amerykanska-CID757-IDWlndL.html,https://ireland.apollo.olxcdn.com:443/v1/files/kp88rzd8z6gu-PL/image;s=200x0;q=50,Borówka amerykańska,15.0,zł,
801396404,https://www.olx.pl/d/oferta/piec-gier-xbox-360-CID99-IDSezOs.html,https://ireland.apollo.olxcdn.com:443/v1/files/b0wd2kn535iq2-PL/image;s=200x0;q=50,Pięć Gier XBOX 360,135.0,zł,Używane
853243747,https://www.olx.pl/d/oferta/szafa-firmy-meblik-z-szuflada-dziecieca-CID88-IDWK7FW.html,https://ireland.apollo.olxcdn.com:443/v1/files/0vfy2qsxtet2-PL/image;s=200x0;q=50,"Szafa firmy Meblik, z szufladą, dziecięca,",199.0,zł,Używane
700456290,https://www.olx.pl/d/oferta/hydraulik-warszawa-profesjonalne-uslugi-hydrauliczne-dla-ciebie-CID4371-IDLp2G6.html,https://ireland.apollo.olxcdn.com:443/v1/files/srn4rn3q2e7i1-PL/image;s=200x0;q=50,Hydraulik Warszawa Profesjonalne Usługi Hydrauliczne dla Ciebie!.,,zł,
572225835,https://www.olx.pl/d/oferta/prywatna-nauka-tanca-pierwszy-taniec-taniec-weselny-taniec-uzytkowy-CID4371-IDCJ04X.html,https://ireland.apollo.olxcdn.com:443/v1/files/u5216wruvyor2-PL/image;s=200x0;q=50,Prywatna nauka tańca/ Pierwszy taniec/ taniec weselny/ taniec użytkowy,120.0,zł,
840819307,https://www.otodom.pl/pl/oferta/mieszkanie-z-niskim-czynszem-1-lub-2-pokojowe-ID4lOdB.html,https://ireland.apollo.olxcdn.com:443/v1/files/wllza5czyuf81-PL/image;s=200x0;q=50,Mieszkanie z niskim czynszem. 1 lub 2 pokojowe,150000.0,zł,
708400296,https://www.olx.pl/d/oferta/czarne-krotkie-spodenki-bawelniane-rozmiar-xl-42-44-CID87-IDLVnhe.html,https://ireland.apollo.olxcdn.com:443/v1/files/oa5isll722zh-PL/image;s=200x0;q=50,Czarne krótkie spodenki bawełniane rozmiar XL/42-44,28.0,zł,Używane
853244333,https://www.otomoto.pl/osobowe/oferta/hyundai-ix20-cros-line-przebieg-116-tys-km-jak-nowa-ID6FIzGZ.html,https://ireland.apollo.olxcdn.com:443/v1/files/ubvc6avjufw5-PL/image;s=200x0;q=50,Hyundai ix20 CROS LINE przebieg 116 tys km. Jak Nowa,38900.0,zł,
849813088,https://www.otomoto.pl/osobowe/oferta/toyota-avensis-klimatronik-czujniki-benzyna-179-000-km-z-niemiec-ID6FGchI.html,https://ireland.apollo.olxcdn.com:443/v1/files/ogv3vuzctl7b-PL/image;s=200x0;q=50,Toyota Avensis // Klimatronik //Czujniki // Benzyna // 179 000 km. // Z Niemiec //,18900.0,zł,
677351059,https://www.olx.pl/d/oferta/wynajem-busa-fiat-ducato-CID3018-IDJQ5X5.html,https://ireland.apollo.olxcdn.com:443/v1/files/bog3m6f7o4lc2-PL/image;s=200x0;q=50,Wynajem busa fiat ducato,300.0,zł,
670028702,https://www.olx.pl/d/oferta/koszenie-lak-traw-mulczowanie-mulczer-czyszczenie-dzialek-rebak-CID4371-IDJln4y.html,https://ireland.apollo.olxcdn.com:443/v1/files/r5ihdy4m1mzh1-PL/image;s=200x0;q=50,Koszenie łąk traw mulczowanie mulczer czyszczenie działek rębak,,zł,
853243751,https://www.olx.pl/d/oferta/spodniczka-mango-fioletowa-s-na-ok-122-CID88-IDWK7FZ.html,https://ireland.apollo.olxcdn.com:443/v1/files/36nx3jjdomg6-PL/image;s=200x0;q=50,Spodniczka Mango fioletowa (S) na  ok 122,15.0,zł,Używane
841547174,https://www.olx.pl/d/oferta/zestaw-stol-lawy-meble-ogrodowe-drewniane-biesiadne-CID628-IDUX2Rv.html,https://ireland.apollo.olxcdn.com:443/v1/files/4bg2d4gkcqfk-PL/image;s=200x0;q=50,Zestaw stół ławy meble ogrodowe drewniane biesiadne,3900.0,zł,Nowe
852259105,https://www.olx.pl/d/oferta/britax-smile-iii-wozek-2w1-3w1-CID88-IDWFZvB.html,https://ireland.apollo.olxcdn.com:443/v1/files/3sxqtfjf4zg63-PL/image;s=200x0;q=50,Britax Smile III wózek 2w1 3w1,2150.0,zł,Używane
801751413,https://www.olx.pl/d/oferta/spodnie-zimowe-narciarskie-152-cm-killtec-CID767-IDSg4ap.html,https://ireland.apollo.olxcdn.com:443/v1/files/olcsc0wsfwrl1-PL/image;s=200x0;q=50,Spodnie zimowe/narciarskie 152 cm killtec,120.0,zł,Nowe
814677861,https://www.olx.pl/d/oferta/ford-1-4ibenzyna-80km-klima-5drzwi-zarej-pl-swiezo-wazne-oplaty-CID5-IDT8iWw.html,https://ireland.apollo.olxcdn.com:443/v1/files/z5pdun1ekbtn-PL/image;s=200x0;q=50,Ford 1.4ibenzyna 80km! Klima 5drzwi zarej.pl świeżo ważne opłaty,7950.0,zł,
847195519,https://www.olx.pl/d/oferta/meskie-buty-new-balance-574-praktycznie-nowe-polecam-CID87-IDWkKfR.html,https://ireland.apollo.olxcdn.com:443/v1/files/fq2mpfuu2w9g-PL/image;s=200x0;q=50,"Męskie buty New Balance 574 , praktycznie nowe, polecam",189.0,zł,Używane
744845056,https://www.olx.pl/d/oferta/ekonomia-i-organizacja-przedsiebiorstw-stanislaw-debski-tom-1-i-2-komp-CID751-IDOpidV.html,https://ireland.apollo.olxcdn.com:443/v1/files/n0ajyloqe8g51-PL/image;s=200x0;q=50,Ekonomia i organizacja przedsiębiorstw Stanisław Dębski tom 1 i 2 komp,10.0,zł,Używane
853243654,https://www.olx.pl/d/oferta/stolik-ogrodowy-kwadratowy-CID628-IDWK7Eq.html,https://ireland.apollo.olxcdn.com:443/v1/files/7eedx4ca8xu8-PL/image;s=200x0;q=50,Stolik ogrodowy kwadratowy,100.0,zł,Używane
847638662,https://www.olx.pl/d/oferta/ogrodzenie-betonowe-imitacja-drewna-CID628-IDWmBxk.html,https://ireland.apollo.olxcdn.com:443/v1/files/evemsqx6ouk9-PL/image;s=200x0;q=50,"Ogrodzenie betonowe, imitacja drewna !!",35.0,zł,
760932273,https://www.olx.pl/d/oferta/ogrodzenia-panelowe-3d-z-mozliwoscia-dostawy-i-montazu-CID628-IDPuNfb.html,https://ireland.apollo.olxcdn.com:443/v1/files/zrezxwnql6y4-PL/image;s=200x0;q=50,OGRODZENIA PANELOWE 3D z możliwością dostawy i montażu,20.0,zł,Nowe
851180016,https://www.olx.pl/d/oferta/lemon-haze-marihuana-thcp-24-ganja-bez-hhc-o-cbd-susz-pakiet-2g-CID3647-IDWBsNV.html,https://ireland.apollo.olxcdn.com:443/v1/files/dv3sy0ersmd22-PL/image;s=200x0;q=50,Lemon Haze Marihuana THCP 24% Ganja (bez HHC-O) CBD susz pakiet 2g,50.0,zł,Nowe
853243525,https://www.olx.pl/d/oferta/k2-broad-peak-planszowka-CID767-IDWK7Cl.html,https://ireland.apollo.olxcdn.com:443/v1/files/pxni7c4eowcd2-PL/image;s=200x0;q=50,K2 BROAD PEAK planszówka,50.0,zł,Nowe
853243514,https://www.olx.pl/d/oferta/klocki-logo-do-nauki-CID88-IDWK7Ca.html,https://ireland.apollo.olxcdn.com:443/v1/files/iisg1fyfpbvt2-PL/image;s=200x0;q=50,Klocki LOGO do nauki,150.0,zł,Używane
840833371,https://www.olx.pl/d/oferta/bmw-318i-cabrio-1999r-alufelgi-bdb-stan-CID5-IDUU3az.html,https://ireland.apollo.olxcdn.com:443/v1/files/b0hxmr0c1h6k-PL/image;s=200x0;q=50,BMW 318i CABRIO * 1999r * Alufelgi * BDB STAN,16900.0,zł,
795639999,https://www.olx.pl/d/oferta/transport-hds-wywrotka-big-bag-gruz-wynajem-wozka-widlowego-CID4371-IDRQqjd.html,https://ireland.apollo.olxcdn.com:443/v1/files/bxsmhh81eeek1-PL/image;s=200x0;q=50,"Transport hds , wywrotka , BIG BAG gruz , wynajem wózka widłowego .",,zł,
763995897,https://www.olx.pl/d/oferta/portfel-meski-bifo-2-2-1-z-wloskiej-skory-garbowanej-roslinnie-CID87-IDPHEet.html,https://ireland.apollo.olxcdn.com:443/v1/files/5mt9aa0ep5w53-PL/image;s=200x0;q=50,Portfel męski Bifo 2.2.1 z włoskiej skóry garbowanej roślinnie,329.0,zł,Nowe
782405130,https://www.olx.pl/d/oferta/bluzki-bluzy-swetry-12-sztuk-rozm-86-CID88-IDQVTjA.html,https://ireland.apollo.olxcdn.com:443/v1/files/s4sss8tpvwph-PL/image;s=200x0;q=50,Bluzki bluzy swetry 12 sztuk rozm. 86,30.0,zł,Używane
780518178,https://www.olx.pl/d/oferta/drzwi-prawe-przod-vectra-c-signum-z-20r-czarne-CID5-IDQOYqS.html,https://ireland.apollo.olxcdn.com:443/v1/files/2fnx7s5hxzrb3-PL/image;s=200x0;q=50,Drzwi prawe przód Vectra C signum Z 20R czarne,150.0,zł,Używane
842049283,https://www.olx.pl/d/oferta/vw-crafter-brygadowka-webasto-CID5-IDUZ9u3.html,https://ireland.apollo.olxcdn.com:443/v1/files/1jgene61omet3-PL/image;s=200x0;q=50,vw crafter brygadówka webasto,49500.0,zł,
829009532,https://www.olx.pl/d/oferta/majtki-zestaw-6-par-damskie-bambusowe-rozmiar-4xl-5xl-CID87-IDU6rfu.html,https://ireland.apollo.olxcdn.com:443/v1/files/y931uy8zpiww1-PL/image;s=200x0;q=50,Majtki zestaw 6 par Damskie Bambusowe rozmiar 4XL/5XL,25.0,zł,Nowe
731470160,https://www.olx.pl/d/oferta/posadzka-jastrych-wylewka-anhydrytowa-pianobeton-chudziaki-CID4371-IDNwaNO.html,https://ireland.apollo.olxcdn.com:443/v1/files/80qyh3ovk3d12-PL/image;s=200x0;q=50,"Posadzka, jastrych, wylewka anhydrytowa, pianobeton, chudziaki.",,zł,
820282820,https://www.olx.pl/d/oferta/lyzka-dla-dziecka-z-ocena-temperatury-CID88-IDTwP24.html,https://ireland.apollo.olxcdn.com:443/v1/files/4nh1dnbd2o803-PL/image;s=200x0;q=50,Łyżka dla dziecka z oceną temperatury.,5.0,zł,Nowe
839329413,https://www.olx.pl/d/oferta/agregat-uprawowo-doprawijacy-przedsiewny-kultywator-uprawowy-raty-CID757-IDUNJWb.html,https://ireland.apollo.olxcdn.com:443/v1/files/vfe390lc26d2-PL/image;s=200x0;q=50,agregat UPRAWOWO DOPRAWIJĄCY  PRZEDSIEWNY kultywator uprawowy raty,12100.0,zł,
787851594,https://www.olx.pl/d/oferta/szambo-betonowe-ekologiczne-5m3-kanal-zbiornik-5000litrow-chybie-kozy-CID628-IDRjKbM.html,https://ireland.apollo.olxcdn.com:443/v1/files/lvn6nd9nc0b43-PL/image;s=200x0;q=50,Szambo betonowe ekologiczne 5m3 kanał zbiornik  5000litrów Chybie Kozy,1800.0,zł,Nowe
489331650,https://www.olx.pl/d/oferta/rozdzielacz-po-regeneracji-c330-c-330-zetor-7211-c360-major-c385-CID757-IDx7bwY.html,https://ireland.apollo.olxcdn.com:443/v1/files/c6n8marbja3u3-PL/image;s=200x0;q=50,ROZDZIELACZ PO regeneracji C330 C 330 ZETOR 7211 C360 major c385,390.0,zł,
656797579,https://www.olx.pl/d/oferta/lekko-ocieplana-kurtka-jasny-bez-rozm-40-42-CID87-IDIrR3l.html,https://ireland.apollo.olxcdn.com:443/v1/files/qk9irjgr2uth1-PL/image;r=90;s=200x0;q=50,Lekko ocieplana kurtka jasny beż rozm 40/42,45.0,zł,Używane
631329047,https://www.olx.pl/d/oferta/grajaca-ciezarowka-fisher-prince-3-autka-CID88-IDGIZvz.html,https://ireland.apollo.olxcdn.com:443/v1/files/s91092wejk2u-PL/image;s=200x0;q=50,Grająca Ciężarówka Fisher-Prince + 3 autka,29.0,zł,Używane
837396070,https://www.olx.pl/d/oferta/klimatyzator-kaisai-rotenso-gree-z-montazem-klimatyzacja-montaz-CID628-IDUFCYe.html,https://ireland.apollo.olxcdn.com:443/v1/files/gmamyiia9abk-PL/image;s=200x0;q=50,Klimatyzator Kaisai Rotenso Gree z montażem klimatyzacja montaz,2900.0,zł,Nowe
534335020,https://www.olx.pl/d/oferta/solina-polanczyk-do-j-solinskiego-500m-domek-i-pokoje-CID1816-IDAa0VM.html,https://ireland.apollo.olxcdn.com:443/v1/files/9pm8u3ei6x7z2-PL/image;s=200x0;q=50,Solina/Polańczyk do J.Solińskiego 500m- Domek i pokoje,170.0,zł,
834049026,https://www.olx.pl/d/oferta/spodnie-materialowe-carry-blekitne-146-CID88-IDUrAfE.html,https://ireland.apollo.olxcdn.com:443/v1/files/y99szdjjr9jq1-PL/image;s=200x0;q=50,Spodnie materiałowe Carry błękitne 146,20.0,zł,Używane
834049014,https://www.olx.pl/d/oferta/sukienka-krotka-zielona-CID87-IDUrAfs.html,https://ireland.apollo.olxcdn.com:443/v1/files/tck3yxf066og2-PL/image;s=200x0;q=50,Sukienka krótka zielona,12.0,zł,Używane
852020752,https://www.olx.pl/d/oferta/felgi-z-oponami-audi-CID5-IDWEZvc.html,https://ireland.apollo.olxcdn.com:443/v1/files/65yzqlaaobnz1-PL/image;s=200x0;q=50,Felgi z oponami audi,1500.0,zł,Używane
842287925,https://www.olx.pl/d/oferta/schladzalnik-zbiornik-chlodnia-tank-do-mleka-5000-litrow-idealny-CID757-IDW09z7.html,https://ireland.apollo.olxcdn.com:443/v1/files/ga94mg7tbj2h1-PL/image;s=200x0;q=50,"Schładzalnik zbiornik chłodnia tank do mleka 5000 litrów, IDEALNY",39000.0,zł,
563976002,https://www.olx.pl/d/oferta/nowa-opona-14-9-24-earthpro-45-8pr-128a8-tt-galaxy-7-lat-gw-CID757-IDCanW8.html,https://ireland.apollo.olxcdn.com:443/v1/files/8kdp9n8c8rq31-PL/image;s=200x0;q=50,NOWA OPONA 14.9-24 EarthPro 45 8PR 128A8 TT GALAXY 7 Lat GW.,1170.0,zł,
813065974,https://www.olx.pl/d/oferta/klocki-hamulcowe-tyl-opel-meriva-a-b-zafira-a-b-master-sport-CID5-IDT1xBk.html,https://ireland.apollo.olxcdn.com:443/v1/files/3nt2v75wcmct1-PL/image;s=200x0;q=50,Klocki hamulcowe tył Opel Meriva A B Zafira A B Master-Sport,74.99,zł,Nowe
813065935,https://www.olx.pl/d/oferta/bluza-river-island-92-cm-18-24-m-czerwona-napisy-kaptur-CID88-IDT1xAH.html,https://ireland.apollo.olxcdn.com:443/v1/files/vh4jvqxqj97q3-PL/image;s=200x0;q=50,Bluza River Island 92 cm 18-24 m czerwona napisy kaptur,70.0,zł,Nowe
852020752,https://www.olx.pl/d/oferta/felgi-z-oponami-audi-CID5-IDWEZvc.html,https://ireland.apollo.olxcdn.com:443/v1/files/65yzqlaaobnz1-PL/image;s=200x0;q=50,Felgi z oponami audi,1500.0,zł,Używane
842287925,https://www.olx.pl/d/oferta/schladzalnik-zbiornik-chlodnia-tank-do-mleka-5000-litrow-idealny-CID757-IDW09z7.html,https://ireland.apollo.olxcdn.com:443/v1/files/ga94mg7tbj2h1-PL/image;s=200x0;q=50,"Schładzalnik zbiornik chłodnia tank do mleka 5000 litrów, IDEALNY",39000.0,zł,
563976002,https://www.olx.pl/d/oferta/nowa-opona-14-9-24-earthpro-45-8pr-128a8-tt-galaxy-7-lat-gw-CID757-IDCanW8.html,https://ireland.apollo.olxcdn.com:443/v1/files/8kdp9n8c8rq31-PL/image;s=200x0;q=50,NOWA OPONA 14.9-24 EarthPro 45 8PR 128A8 TT GALAXY 7 Lat GW.,1170.0,zł,
813065974,https://www.olx.pl/d/oferta/klocki-hamulcowe-tyl-opel-meriva-a-b-zafira-a-b-master-sport-CID5-IDT1xBk.html,https://ireland.apollo.olxcdn.com:443/v1/files/3nt2v75wcmct1-PL/image;s=200x0;q=50,Klocki hamulcowe tył Opel Meriva A B Zafira A B Master-Sport,74.99,zł,Nowe
813065935,https://www.olx.pl/d/oferta/bluza-river-island-92-cm-18-24-m-czerwona-napisy-kaptur-CID88-IDT1xAH.html,https://ireland.apollo.olxcdn.com:443/v1/files/vh4jvqxqj97q3-PL/image;s=200x0;q=50,Bluza River Island 92 cm 18-24 m czerwona napisy kaptur,70.0,zł,Nowe
852020752,https://www.olx.pl/d/oferta/felgi-z-oponami-audi-CID5-IDWEZvc.html,https://ireland.apollo.olxcdn.com:443/v1/files/65yzqlaaobnz1-PL/image;s=200x0;q=50,Felgi z oponami audi,1500.0,zł,Używane
842287925,https://www.olx.pl/d/oferta/schladzalnik-zbiornik-chlodnia-tank-do-mleka-5000-litrow-idealny-CID757-IDW09z7.html,https://ireland.apollo.olxcdn.com:443/v1/files/ga94mg7tbj2h1-PL/image;s=200x0;q=50,"Schładzalnik zbiornik chłodnia tank do mleka 5000 litrów, IDEALNY",39000.0,zł,
563976002,https://www.olx.pl/d/oferta/nowa-opona-14-9-24-earthpro-45-8pr-128a8-tt-galaxy-7-lat-gw-CID757-IDCanW8.html,https://ireland.apollo.olxcdn.com:443/v1/files/8kdp9n8c8rq31-PL/image;s=200x0;q=50,NOWA OPONA 14.9-24 EarthPro 45 8PR 128A8 TT GALAXY 7 Lat GW.,1170.0,zł,
813065974,https://www.olx.pl/d/oferta/klocki-hamulcowe-tyl-opel-meriva-a-b-zafira-a-b-master-sport-CID5-IDT1xBk.html,https://ireland.apollo.olxcdn.com:443/v1/files/3nt2v75wcmct1-PL/image;s=200x0;q=50,Klocki hamulcowe tył Opel Meriva A B Zafira A B Master-Sport,74.99,zł,Nowe
813065935,https://www.olx.pl/d/oferta/bluza-river-island-92-cm-18-24-m-czerwona-napisy-kaptur-CID88-IDT1xAH.html,https://ireland.apollo.olxcdn.com:443/v1/files/vh4jvqxqj97q3-PL/image;s=200x0;q=50,Bluza River Island 92 cm 18-24 m czerwona napisy kaptur,70.0,zł,Nowe
852020752,https://www.olx.pl/d/oferta/felgi-z-oponami-audi-CID5-IDWEZvc.html,https://ireland.apollo.olxcdn.com:443/v1/files/65yzqlaaobnz1-PL/image;s=200x0;q=50,Felgi z oponami audi,1500.0,zł,Używane
842287925,https://www.olx.pl/d/oferta/schladzalnik-zbiornik-chlodnia-tank-do-mleka-5000-litrow-idealny-CID757-IDW09z7.html,https://ireland.apollo.olxcdn.com:443/v1/files/ga94mg7tbj2h1-PL/image;s=200x0;q=50,"Schładzalnik zbiornik chłodnia tank do mleka 5000 litrów, IDEALNY",39000.0,zł,
563976002,https://www.olx.pl/d/oferta/nowa-opona-14-9-24-earthpro-45-8pr-128a8-tt-galaxy-7-lat-gw-CID757-IDCanW8.html,https://ireland.apollo.olxcdn.com:443/v1/files/8kdp9n8c8rq31-PL/image;s=200x0;q=50,NOWA OPONA 14.9-24 EarthPro 45 8PR 128A8 TT GALAXY 7 Lat GW.,1170.0,zł,
813065974,https://www.olx.pl/d/oferta/klocki-hamulcowe-tyl-opel-meriva-a-b-zafira-a-b-master-sport-CID5-IDT1xBk.html,https://ireland.apollo.olxcdn.com:443/v1/files/3nt2v75wcmct1-PL/image;s=200x0;q=50,Klocki hamulcowe tył Opel Meriva A B Zafira A B Master-Sport,74.99,zł,Nowe
813065935,https://www.olx.pl/d/oferta/bluza-river-island-92-cm-18-24-m-czerwona-napisy-kaptur-CID88-IDT1xAH.html,https://ireland.apollo.olxcdn.com:443/v1/files/vh4jvqxqj97q3-PL/image;s=200x0;q=50,Bluza River Island 92 cm 18-24 m czerwona napisy kaptur,70.0,zł,Nowe
852020752,https://www.olx.pl/d/oferta/felgi-z-oponami-audi-CID5-IDWEZvc.html,https://ireland.apollo.olxcdn.com:443/v1/files/65yzqlaaobnz1-PL/image;s=200x0;q=50,Felgi z oponami audi,1500.0,zł,Używane
842287925,https://www.olx.pl/d/oferta/schladzalnik-zbiornik-chlodnia-tank-do-mleka-5000-litrow-idealny-CID757-IDW09z7.html,https://ireland.apollo.olxcdn.com:443/v1/files/ga94mg7tbj2h1-PL/image;s=200x0;q=50,"Schładzalnik zbiornik chłodnia tank do mleka 5000 litrów, IDEALNY",39000.0,zł,
563976002,https://www.olx.pl/d/oferta/nowa-opona-14-9-24-earthpro-45-8pr-128a8-tt-galaxy-7-lat-gw-CID757-IDCanW8.html,https://ireland.apollo.olxcdn.com:443/v1/files/8kdp9n8c8rq31-PL/image;s=200x0;q=50,NOWA OPONA 14.9-24 EarthPro 45 8PR 128A8 TT GALAXY 7 Lat GW.,1170.0,zł,
813065974,https://www.olx.pl/d/oferta/klocki-hamulcowe-tyl-opel-meriva-a-b-zafira-a-b-master-sport-CID5-IDT1xBk.html,https://ireland.apollo.olxcdn.com:443/v1/files/3nt2v75wcmct1-PL/image;s=200x0;q=50,Klocki hamulcowe tył Opel Meriva A B Zafira A B Master-Sport,74.99,zł,Nowe
813065935,https://www.olx.pl/d/oferta/bluza-river-island-92-cm-18-24-m-czerwona-napisy-kaptur-CID88-IDT1xAH.html,https://ireland.apollo.olxcdn.com:443/v1/files/vh4jvqxqj97q3-PL/image;s=200x0;q=50,Bluza River Island 92 cm 18-24 m czerwona napisy kaptur,70.0,zł,Nowe
852020752,https://www.olx.pl/d/oferta/felgi-z-oponami-audi-CID5-IDWEZvc.html,https://ireland.apollo.olxcdn.com:443/v1/files/65yzqlaaobnz1-PL/image;s=200x0;q=50,Felgi z oponami audi,1500.0,zł,Używane
842287925,https://www.olx.pl/d/oferta/schladzalnik-zbiornik-chlodnia-tank-do-mleka-5000-litrow-idealny-CID757-IDW09z7.html,https://ireland.apollo.olxcdn.com:443/v1/files/ga94mg7tbj2h1-PL/image;s=200x0;q=50,"Schładzalnik zbiornik chłodnia tank do mleka 5000 litrów, IDEALNY",39000.0,zł,
563976002,https://www.olx.pl/d/oferta/nowa-opona-14-9-24-earthpro-45-8pr-128a8-tt-galaxy-7-lat-gw-CID757-IDCanW8.html,https://ireland.apollo.olxcdn.com:443/v1/files/8kdp9n8c8rq31-PL/image;s=200x0;q=50,NOWA OPONA 14.9-24 EarthPro 45 8PR 128A8 TT GALAXY 7 Lat GW.,1170.0,zł,
432621893,https://www.olx.pl/d/oferta/tani-geodeta-zabierzow-michalowice-wielka-wies-zielonki-CID4371-IDtheIt.html,https://ireland.apollo.olxcdn.com:443/v1/files/hi9qmikqmqyw2-PL/image;s=200x0;q=50,"Tani Geodeta - Zabierzów, Michałowice, Wielka Wieś, Zielonki",,zł,
853243882,https://www.olx.pl/d/oferta/kolo-dwumasowe-dwumasa-bmw-seria-1-3-5-x1-x3-x5-e46-e39-x5-e46-e39-e60-CID5-IDWK7I6.html,https://ireland.apollo.olxcdn.com:443/v1/files/ls50uy696ut13-PL/image;s=200x0;q=50,Koło Dwumasowe Dwumasa BMW SERIA 1 3 5 X1 X3 X5 E46 E39 X5 E46 E39 E60,690.0,zł,Nowe
852020752,https://www.olx.pl/d/oferta/felgi-z-oponami-audi-CID5-IDWEZvc.html,https://ireland.apollo.olxcdn.com:443/v1/files/65yzqlaaobnz1-PL/image;s=200x0;q=50,Felgi z oponami audi,1500.0,zł,Używane
842287925,https://www.olx.pl/d/oferta/schladzalnik-zbiornik-chlodnia-tank-do-mleka-5000-litrow-idealny-CID757-IDW09z7.html,https://ireland.apollo.olxcdn.com:443/v1/files/ga94mg7tbj2h1-PL/image;s=200x0;q=50,"Schładzalnik zbiornik chłodnia tank do mleka 5000 litrów, IDEALNY",39000.0,zł,
563976002,https://www.olx.pl/d/oferta/nowa-opona-14-9-24-earthpro-45-8pr-128a8-tt-galaxy-7-lat-gw-CID757-IDCanW8.html,https://ireland.apollo.olxcdn.com:443/v1/files/8kdp9n8c8rq31-PL/image;s=200x0;q=50,NOWA OPONA 14.9-24 EarthPro 45 8PR 128A8 TT GALAXY 7 Lat GW.,1170.0,zł,
813065974,https://www.olx.pl/d/oferta/klocki-hamulcowe-tyl-opel-meriva-a-b-zafira-a-b-master-sport-CID5-IDT1xBk.html,https://ireland.apollo.olxcdn.com:443/v1/files/3nt2v75wcmct1-PL/image;s=200x0;q=50,Klocki hamulcowe tył Opel Meriva A B Zafira A B Master-Sport,74.99,zł,Nowe
813065935,https://www.olx.pl/d/oferta/bluza-river-island-92-cm-18-24-m-czerwona-napisy-kaptur-CID88-IDT1xAH.html,https://ireland.apollo.olxcdn.com:443/v1/files/vh4jvqxqj97q3-PL/image;s=200x0;q=50,Bluza River Island 92 cm 18-24 m czerwona napisy kaptur,70.0,zł,Nowe
852020752,https://www.olx.pl/d/oferta/felgi-z-oponami-audi-CID5-IDWEZvc.html,https://ireland.apollo.olxcdn.com:443/v1/files/65yzqlaaobnz1-PL/image;s=200x0;q=50,Felgi z oponami audi,1500.0,zł,Używane
842287925,https://www.olx.pl/d/oferta/schladzalnik-zbiornik-chlodnia-tank-do-mleka-5000-litrow-idealny-CID757-IDW09z7.html,https://ireland.apollo.olxcdn.com:443/v1/files/ga94mg7tbj2h1-PL/image;s=200x0;q=50,"Schładzalnik zbiornik chłodnia tank do mleka 5000 litrów, IDEALNY",39000.0,zł,
563976002,https://www.olx.pl/d/oferta/nowa-opona-14-9-24-earthpro-45-8pr-128a8-tt-galaxy-7-lat-gw-CID757-IDCanW8.html,https://ireland.apollo.olxcdn.com:443/v1/files/8kdp9n8c8rq31-PL/image;s=200x0;q=50,NOWA OPONA 14.9-24 EarthPro 45 8PR 128A8 TT GALAXY 7 Lat GW.,1170.0,zł,
813065974,https://www.olx.pl/d/oferta/klocki-hamulcowe-tyl-opel-meriva-a-b-zafira-a-b-master-sport-CID5-IDT1xBk.html,https://ireland.apollo.olxcdn.com:443/v1/files/3nt2v75wcmct1-PL/image;s=200x0;q=50,Klocki hamulcowe tył Opel Meriva A B Zafira A B Master-Sport,74.99,zł,Nowe
813065935,https://www.olx.pl/d/oferta/bluza-river-island-92-cm-18-24-m-czerwona-napisy-kaptur-CID88-IDT1xAH.html,https://ireland.apollo.olxcdn.com:443/v1/files/vh4jvqxqj97q3-PL/image;s=200x0;q=50,Bluza River Island 92 cm 18-24 m czerwona napisy kaptur,70.0,zł,Nowe
852020752,https://www.olx.pl/d/oferta/felgi-z-oponami-audi-CID5-IDWEZvc.html,https://ireland.apollo.olxcdn.com:443/v1/files/65yzqlaaobnz1-PL/image;s=200x0;q=50,Felgi z oponami audi,1500.0,zł,Używane
842287925,https://www.olx.pl/d/oferta/schladzalnik-zbiornik-chlodnia-tank-do-mleka-5000-litrow-idealny-CID757-IDW09z7.html,https://ireland.apollo.olxcdn.com:443/v1/files/ga94mg7tbj2h1-PL/image;s=200x0;q=50,"Schładzalnik zbiornik chłodnia tank do mleka 5000 litrów, IDEALNY",39000.0,zł,
563976002,https://www.olx.pl/d/oferta/nowa-opona-14-9-24-earthpro-45-8pr-128a8-tt-galaxy-7-lat-gw-CID757-IDCanW8.html,https://ireland.apollo.olxcdn.com:443/v1/files/8kdp9n8c8rq31-PL/image;s=200x0;q=50,NOWA OPONA 14.9-24 EarthPro 45 8PR 128A8 TT GALAXY 7 Lat GW.,1170.0,zł,
813065974,https://www.olx.pl/d/oferta/klocki-hamulcowe-tyl-opel-meriva-a-b-zafira-a-b-master-sport-CID5-IDT1xBk.html,https://ireland.apollo.olxcdn.com:443/v1/files/3nt2v75wcmct1-PL/image;s=200x0;q=50,Klocki hamulcowe tył Opel Meriva A B Zafira A B Master-Sport,74.99,zł,Nowe
813065935,https://www.olx.pl/d/oferta/bluza-river-island-92-cm-18-24-m-czerwona-napisy-kaptur-CID88-IDT1xAH.html,https://ireland.apollo.olxcdn.com:443/v1/files/vh4jvqxqj97q3-PL/image;s=200x0;q=50,Bluza River Island 92 cm 18-24 m czerwona napisy kaptur,70.0,zł,Nowe
852020752,https://www.olx.pl/d/oferta/felgi-z-oponami-audi-CID5-IDWEZvc.html,https://ireland.apollo.olxcdn.com:443/v1/files/65yzqlaaobnz1-PL/image;s=200x0;q=50,Felgi z oponami audi,1500.0,zł,Używane
842287925,https://www.olx.pl/d/oferta/schladzalnik-zbiornik-chlodnia-tank-do-mleka-5000-litrow-idealny-CID757-IDW09z7.html,https://ireland.apollo.olxcdn.com:443/v1/files/ga94mg7tbj2h1-PL/image;s=200x0;q=50,"Schładzalnik zbiornik chłodnia tank do mleka 5000 litrów, IDEALNY",39000.0,zł,
563976002,https://www.olx.pl/d/oferta/nowa-opona-14-9-24-earthpro-45-8pr-128a8-tt-galaxy-7-lat-gw-CID757-IDCanW8.html,https://ireland.apollo.olxcdn.com:443/v1/files/8kdp9n8c8rq31-PL/image;s=200x0;q=50,NOWA OPONA 14.9-24 EarthPro 45 8PR 128A8 TT GALAXY 7 Lat GW.,1170.0,zł,
827503281,https://www.olx.pl/d/oferta/komplet-dresowy-spodnie-i-sweterek-dla-chlopca-rozm-92-kids-joy-CID88-IDU07p7.html,https://ireland.apollo.olxcdn.com:443/v1/files/yjxxljowlmjd1-PL/image;s=200x0;q=50,"Komplet dresowy, spodnie i sweterek dla chłopca, rozm.92, KIDS JOY",18.0,zł,Używane
826208682,https://www.olx.pl/d/oferta/wieszak-uchwyt-na-recznik-papierowy-kuchenny-przyklejany-CID628-IDTUGCu.html,https://ireland.apollo.olxcdn.com:443/v1/files/7rbqab6jdg1u-PL/image;s=200x0;q=50,Wieszak uchwyt na ręcznik papierowy kuchenny przyklejany,25.0,zł,Nowe
852020752,https://www.olx.pl/d/oferta/felgi-z-oponami-audi-CID5-IDWEZvc.html,https://ireland.apollo.olxcdn.com:443/v1/files/65yzqlaaobnz1-PL/image;s=200x0;q=50,Felgi z oponami audi,1500.0,zł,Używane
842287925,https://www.olx.pl/d/oferta/schladzalnik-zbiornik-chlodnia-tank-do-mleka-5000-litrow-idealny-CID757-IDW09z7.html,https://ireland.apollo.olxcdn.com:443/v1/files/ga94mg7tbj2h1-PL/image;s=200x0;q=50,"Schładzalnik zbiornik chłodnia tank do mleka 5000 litrów, IDEALNY",39000.0,zł,
563976002,https://www.olx.pl/d/oferta/nowa-opona-14-9-24-earthpro-45-8pr-128a8-tt-galaxy-7-lat-gw-CID757-IDCanW8.html,https://ireland.apollo.olxcdn.com:443/v1/files/8kdp9n8c8rq31-PL/image;s=200x0;q=50,NOWA OPONA 14.9-24 EarthPro 45 8PR 128A8 TT GALAXY 7 Lat GW.,1170.0,zł,
852085070,https://www.olx.pl/d/oferta/ponton-bark-440-silnik-mercury20km-przyczepa-team-CID767-IDWFgfA.html,https://ireland.apollo.olxcdn.com:443/v1/files/ker0580cdv3f-PL/image;s=200x0;q=50,Ponton Bark 440+Silnik Mercury20km+Przyczepa Team,15000.0,zł,Używane
852020752,https://www.olx.pl/d/oferta/felgi-z-oponami-audi-CID5-IDWEZvc.html,https://ireland.apollo.olxcdn.com:443/v1/files/65yzqlaaobnz1-PL/image;s=200x0;q=50,Felgi z oponami audi,1500.0,zł,Używane
842287925,https://www.olx.pl/d/oferta/schladzalnik-zbiornik-chlodnia-tank-do-mleka-5000-litrow-idealny-CID757-IDW09z7.html,https://ireland.apollo.olxcdn.com:443/v1/files/ga94mg7tbj2h1-PL/image;s=200x0;q=50,"Schładzalnik zbiornik chłodnia tank do mleka 5000 litrów, IDEALNY",39000.0,zł,
563976002,https://www.olx.pl/d/oferta/nowa-opona-14-9-24-earthpro-45-8pr-128a8-tt-galaxy-7-lat-gw-CID757-IDCanW8.html,https://ireland.apollo.olxcdn.com:443/v1/files/8kdp9n8c8rq31-PL/image;s=200x0;q=50,NOWA OPONA 14.9-24 EarthPro 45 8PR 128A8 TT GALAXY 7 Lat GW.,1170.0,zł,
813065974,https://www.olx.pl/d/oferta/klocki-hamulcowe-tyl-opel-meriva-a-b-zafira-a-b-master-sport-CID5-IDT1xBk.html,https://ireland.apollo.olxcdn.com:443/v1/files/3nt2v75wcmct1-PL/image;s=200x0;q=50,Klocki hamulcowe tył Opel Meriva A B Zafira A B Master-Sport,74.99,zł,Nowe
813065935,https://www.olx.pl/d/oferta/bluza-river-island-92-cm-18-24-m-czerwona-napisy-kaptur-CID88-IDT1xAH.html,https://ireland.apollo.olxcdn.com:443/v1/files/vh4jvqxqj97q3-PL/image;s=200x0;q=50,Bluza River Island 92 cm 18-24 m czerwona napisy kaptur,70.0,zł,Nowe
852020752,https://www.olx.pl/d/oferta/felgi-z-oponami-audi-CID5-IDWEZvc.html,https://ireland.apollo.olxcdn.com:443/v1/files/65yzqlaaobnz1-PL/image;s=200x0;q=50,Felgi z oponami audi,1500.0,zł,Używane
842287925,https://www.olx.pl/d/oferta/schladzalnik-zbiornik-chlodnia-tank-do-mleka-5000-litrow-idealny-CID757-IDW09z7.html,https://ireland.apollo.olxcdn.com:443/v1/files/ga94mg7tbj2h1-PL/image;s=200x0;q=50,"Schładzalnik zbiornik chłodnia tank do mleka 5000 litrów, IDEALNY",39000.0,zł,
563976002,https://www.olx.pl/d/oferta/nowa-opona-14-9-24-earthpro-45-8pr-128a8-tt-galaxy-7-lat-gw-CID757-IDCanW8.html,https://ireland.apollo.olxcdn.com:443/v1/files/8kdp9n8c8rq31-PL/image;s=200x0;q=50,NOWA OPONA 14.9-24 EarthPro 45 8PR 128A8 TT GALAXY 7 Lat GW.,1170.0,zł,
432621893,https://www.olx.pl/d/oferta/tani-geodeta-zabierzow-michalowice-wielka-wies-zielonki-CID4371-IDtheIt.html,https://ireland.apollo.olxcdn.com:443/v1/files/hi9qmikqmqyw2-PL/image;s=200x0;q=50,"Tani Geodeta - Zabierzów, Michałowice, Wielka Wieś, Zielonki",,zł,
853243882,https://www.olx.pl/d/oferta/kolo-dwumasowe-dwumasa-bmw-seria-1-3-5-x1-x3-x5-e46-e39-x5-e46-e39-e60-CID5-IDWK7I6.html,https://ireland.apollo.olxcdn.com:443/v1/files/ls50uy696ut13-PL/image;s=200x0;q=50,Koło Dwumasowe Dwumasa BMW SERIA 1 3 5 X1 X3 X5 E46 E39 X5 E46 E39 E60,690.0,zł,Nowe
852020752,https://www.olx.pl/d/oferta/felgi-z-oponami-audi-CID5-IDWEZvc.html,https://ireland.apollo.olxcdn.com:443/v1/files/65yzqlaaobnz1-PL/image;s=200x0;q=50,Felgi z oponami audi,1500.0,zł,Używane
842287925,https://www.olx.pl/d/oferta/schladzalnik-zbiornik-chlodnia-tank-do-mleka-5000-litrow-idealny-CID757-IDW09z7.html,https://ireland.apollo.olxcdn.com:443/v1/files/ga94mg7tbj2h1-PL/image;s=200x0;q=50,"Schładzalnik zbiornik chłodnia tank do mleka 5000 litrów, IDEALNY",39000.0,zł,
563976002,https://www.olx.pl/d/oferta/nowa-opona-14-9-24-earthpro-45-8pr-128a8-tt-galaxy-7-lat-gw-CID757-IDCanW8.html,https://ireland.apollo.olxcdn.com:443/v1/files/8kdp9n8c8rq31-PL/image;s=200x0;q=50,NOWA OPONA 14.9-24 EarthPro 45 8PR 128A8 TT GALAXY 7 Lat GW.,1170.0,zł,
852403030,https://www.olx.pl/d/oferta/podreczniki-kl-2-liceum-technikum-CID751-IDWGAXY.html,https://ireland.apollo.olxcdn.com:443/v1/files/jw1ean206qg73-PL/image;s=200x0;q=50,Podręczniki  kl 2 liceum technikum,20.0,zł,Używane
852398501,https://www.olx.pl/d/oferta/liceum-technikum-kl-1-CID751-IDWGzMW.html,https://ireland.apollo.olxcdn.com:443/v1/files/awpiilxv5ael1-PL/image;s=200x0;q=50,Liceum technikum kl 1,30.0,zł,Używane
852020752,https://www.olx.pl/d/oferta/felgi-z-oponami-audi-CID5-IDWEZvc.html,https://ireland.apollo.olxcdn.com:443/v1/files/65yzqlaaobnz1-PL/image;s=200x0;q=50,Felgi z oponami audi,1500.0,zł,Używane
842287925,https://www.olx.pl/d/oferta/schladzalnik-zbiornik-chlodnia-tank-do-mleka-5000-litrow-idealny-CID757-IDW09z7.html,https://ireland.apollo.olxcdn.com:443/v1/files/ga94mg7tbj2h1-PL/image;s=200x0;q=50,"Schładzalnik zbiornik chłodnia tank do mleka 5000 litrów, IDEALNY",39000.0,zł,
563976002,https://www.olx.pl/d/oferta/nowa-opona-14-9-24-earthpro-45-8pr-128a8-tt-galaxy-7-lat-gw-CID757-IDCanW8.html,https://ireland.apollo.olxcdn.com:443/v1/files/8kdp9n8c8rq31-PL/image;s=200x0;q=50,NOWA OPONA 14.9-24 EarthPro 45 8PR 128A8 TT GALAXY 7 Lat GW.,1170.0,zł,
432621893,https://www.olx.pl/d/oferta/tani-geodeta-zabierzow-michalowice-wielka-wies-zielonki-CID4371-IDtheIt.html,https://ireland.apollo.olxcdn.com:443/v1/files/hi9qmikqmqyw2-PL/image;s=200x0;q=50,"Tani Geodeta - Zabierzów, Michałowice, Wielka Wieś, Zielonki",,zł,
853243882,https://www.olx.pl/d/oferta/kolo-dwumasowe-dwumasa-bmw-seria-1-3-5-x1-x3-x5-e46-e39-x5-e46-e39-e60-CID5-IDWK7I6.html,https://ireland.apollo.olxcdn.com:443/v1/files/ls50uy696ut13-PL/image;s=200x0;q=50,Koło Dwumasowe Dwumasa BMW SERIA 1 3 5 X1 X3 X5 E46 E39 X5 E46 E39 E60,690.0,zł,Nowe
667889581,https://www.olx.pl/d/oferta/regeneracja-reflektorow-przerobki-usa-uk-eu-mody-biled-bi-led-CID4371-IDJcoAB.html,https://ireland.apollo.olxcdn.com:443/v1/files/q032gzqvwncp3-PL/image;s=200x0;q=50,Regeneracja reflektorów  przeróbki USA UK EU Mody Biled Bi Led,,zł,
842287925,https://www.olx.pl/d/oferta/schladzalnik-zbiornik-chlodnia-tank-do-mleka-5000-litrow-idealny-CID757-IDW09z7.html,https://ireland.apollo.olxcdn.com:443/v1/files/ga94mg7tbj2h1-PL/image;s=200x0;q=50,"Schładzalnik zbiornik chłodnia tank do mleka 5000 litrów, IDEALNY",39000.0,zł,
563976002,https://www.olx.pl/d/oferta/nowa-opona-14-9-24-earthpro-45-8pr-128a8-tt-galaxy-7-lat-gw-CID757-IDCanW8.html,https://ireland.apollo.olxcdn.com:443/v1/files/8kdp9n8c8rq31-PL/image;s=200x0;q=50,NOWA OPONA 14.9-24 EarthPro 45 8PR 128A8 TT GALAXY 7 Lat GW.,1170.0,zł,
432621893,https://www.olx.pl/d/oferta/tani-geodeta-zabierzow-michalowice-wielka-wies-zielonki-CID4371-IDtheIt.html,https://ireland.apollo.olxcdn.com:443/v1/files/hi9qmikqmqyw2-PL/image;s=200x0;q=50,"Tani Geodeta - Zabierzów, Michałowice, Wielka Wieś, Zielonki",,zł,
853243882,https://www.olx.pl/d/oferta/kolo-dwumasowe-dwumasa-bmw-seria-1-3-5-x1-x3-x5-e46-e39-x5-e46-e39-e60-CID5-IDWK7I6.html,https://ireland.apollo.olxcdn.com:443/v1/files/ls50uy696ut13-PL/image;s=200x0;q=50,Koło Dwumasowe Dwumasa BMW SERIA 1 3 5 X1 X3 X5 E46 E39 X5 E46 E39 E60,690.0,zł,Nowe
852020752,https://www.olx.pl/d/oferta/felgi-z-oponami-audi-CID5-IDWEZvc.html,https://ireland.apollo.olxcdn.com:443/v1/files/65yzqlaaobnz1-PL/image;s=200x0;q=50,Felgi z oponami audi,1500.0,zł,Używane
563976002,https://www.olx.pl/d/oferta/nowa-opona-14-9-24-earthpro-45-8pr-128a8-tt-galaxy-7-lat-gw-CID757-IDCanW8.html,https://ireland.apollo.olxcdn.com:443/v1/files/8kdp9n8c8rq31-PL/image;s=200x0;q=50,NOWA OPONA 14.9-24 EarthPro 45 8PR 128A8 TT GALAXY 7 Lat GW.,1170.0,zł,
432621893,https://www.olx.pl/d/oferta/tani-geodeta-zabierzow-michalowice-wielka-wies-zielonki-CID4371-IDtheIt.html,https://ireland.apollo.olxcdn.com:443/v1/files/hi9qmikqmqyw2-PL/image;s=200x0;q=50,"Tani Geodeta - Zabierzów, Michałowice, Wielka Wieś, Zielonki",,zł,
853243882,https://www.olx.pl/d/oferta/kolo-dwumasowe-dwumasa-bmw-seria-1-3-5-x1-x3-x5-e46-e39-x5-e46-e39-e60-CID5-IDWK7I6.html,https://ireland.apollo.olxcdn.com:443/v1/files/ls50uy696ut13-PL/image;s=200x0;q=50,Koło Dwumasowe Dwumasa BMW SERIA 1 3 5 X1 X3 X5 E46 E39 X5 E46 E39 E60,690.0,zł,Nowe
852020752,https://www.olx.pl/d/oferta/felgi-z-oponami-audi-CID5-IDWEZvc.html,https://ireland.apollo.olxcdn.com:443/v1/files/65yzqlaaobnz1-PL/image;s=200x0;q=50,Felgi z oponami audi,1500.0,zł,Używane
563976002,https://www.olx.pl/d/oferta/nowa-opona-14-9-24-earthpro-45-8pr-128a8-tt-galaxy-7-lat-gw-CID757-IDCanW8.html,https://ireland.apollo.olxcdn.com:443/v1/files/8kdp9n8c8rq31-PL/image;s=200x0;q=50,NOWA OPONA 14.9-24 EarthPro 45 8PR 128A8 TT GALAXY 7 Lat GW.,1170.0,zł,
806429562,https://www.olx.pl/d/oferta/kalesony-dlugie-wz-547-mon-CID767-IDSzHaq.html,https://ireland.apollo.olxcdn.com:443/v1/files/zdssomt5l3o62-PL/image;s=200x0;q=50,Kalesony długie wz. 547/MON,22.0,zł,Nowe
801253260,https://www.olx.pl/d/oferta/bluzka-top-azurowa-koronkowa-CID87-IDSdYzG.html,https://ireland.apollo.olxcdn.com:443/v1/files/1bgkfl6va9qi1-PL/image;s=200x0;q=50,Bluzka top ażurowa/ koronkowa,10.0,zł,Używane
852020752,https://www.olx.pl/d/oferta/felgi-z-oponami-audi-CID5-IDWEZvc.html,https://ireland.apollo.olxcdn.com:443/v1/files/65yzqlaaobnz1-PL/image;s=200x0;q=50,Felgi z oponami audi,1500.0,zł,Używane
842287925,https://www.olx.pl/d/oferta/schladzalnik-zbiornik-chlodnia-tank-do-mleka-5000-litrow-idealny-CID757-IDW09z7.html,https://ireland.apollo.olxcdn.com:443/v1/files/ga94mg7tbj2h1-PL/image;s=200x0;q=50,"Schładzalnik zbiornik chłodnia tank do mleka 5000 litrów, IDEALNY",39000.0,zł,
563976002,https://www.olx.pl/d/oferta/nowa-opona-14-9-24-earthpro-45-8pr-128a8-tt-galaxy-7-lat-gw-CID757-IDCanW8.html,https://ireland.apollo.olxcdn.com:443/v1/files/8kdp9n8c8rq31-PL/image;s=200x0;q=50,NOWA OPONA 14.9-24 EarthPro 45 8PR 128A8 TT GALAXY 7 Lat GW.,1170.0,zł,
827503281,https://www.olx.pl/d/oferta/komplet-dresowy-spodnie-i-sweterek-dla-chlopca-rozm-92-kids-joy-CID88-IDU07p7.html,https://ireland.apollo.olxcdn.com:443/v1/files/yjxxljowlmjd1-PL/image;s=200x0;q=50,"Komplet dresowy, spodnie i sweterek dla chłopca, rozm.92, KIDS JOY",18.0,zł,Używane
